# qsoName,ra,dec,filterID,nEpochs
#
# Results of Query: Database VSERV1000v20181217 24/05/19 09:20
# SELECT qso.qsoName,qso.ra,qso.dec,remeas.filterID,COUNT(*) as nEpochs 
#   /* Select name, ra, dec, filterID and counts of observations in 
# each   filter */ FROM finalQsoCatalogue as qso, 
# MapApertureIDshighzQsoMap as ma, vserv1000MapRemeasurement as remeas, 
# Filter as f, Multiframe as m,MapFrameStatus as mfs   /* Main tables 
# for query. MapApertureIDshighzQsoMap joins   finalQsoCatalogue to 
# vserv1000MapRemeasurement */ WHERE qso.qsoID=ma.objectID and 
# ma.apertureID=remeas.apertureID and 
# remeas.catalogueID=mfs.catalogueID and 
# mfs.multiframeID=m.multiframeID and f.filterID=m.filterID   /* Join 
# all the tables correctly MapFrameStatus links the   catalogueID to 
# the multiframeID, which allows us to link to the   image metadate in 
# Multiframe to get the observation time (mjdObs) */ GROUP BY 
# qso.qsoName,qso.ra,qso.dec,remeas.filterID   /* Group by qso name and 
# filter to get the counts as a function of   QSO and filterID */ ORDER 
# BY qso.ra,remeas.filterID
# Column Headers at start of file AND below
#
# qsoName,ra,dec,filterID,nEpochs
                  SDSSJ0005-0006,      +1.4680833,      -0.1154999,   3,          2
                  SDSSJ0005-0006,      +1.4680833,      -0.1154999,   4,          2
                  SDSSJ0005-0006,      +1.4680833,      -0.1154999,   5,          2
            PSOJ004.3936+17.0862,      +4.3936135,     +17.0863045,   3,          2
            PSOJ004.3936+17.0862,      +4.3936135,     +17.0863045,   5,          5
                  VDESJ0020-3653,      +5.1311237,     -36.8949476,   3,          3
                  VDESJ0020-3653,      +5.1311237,     -36.8949476,   5,          3
                  SDSSJ0023-0018,      +5.8777916,      -0.3101111,   3,          2
                  SDSSJ0023-0018,      +5.8777916,      -0.3101111,   4,          2
                  SDSSJ0023-0018,      +5.8777916,      -0.3101111,   5,          2
                SDWISEJ0025-0145,      +6.3618333,      -1.7590306,   2,          2
                SDWISEJ0025-0145,      +6.3618333,      -1.7590306,   3,          2
                SDWISEJ0025-0145,      +6.3618333,      -1.7590306,   4,          2
                SDWISEJ0025-0145,      +6.3618333,      -1.7590306,   5,          2
                 CFHQSJ0033-0125,      +8.2975000,      -1.4235833,   3,          2
                 CFHQSJ0033-0125,      +8.2975000,      -1.4235833,   4,          2
                 CFHQSJ0033-0125,      +8.2975000,      -1.4235833,   5,          2
                  SDSSJ0054-0109,     +13.5892499,      -1.1560000,   3,          3
                  SDSSJ0054-0109,     +13.5892499,      -1.1560000,   4,          3
                  SDSSJ0054-0109,     +13.5892499,      -1.1560000,   5,          3
                 CFHQSJ0102-0218,     +15.7109990,      -2.3027499,   2,          2
                 CFHQSJ0102-0218,     +15.7109990,      -2.3027499,   3,          2
                 CFHQSJ0102-0218,     +15.7109990,      -2.3027499,   4,          2
                 CFHQSJ0102-0218,     +15.7109990,      -2.3027499,   5,          2
                  SDSSJ0108-0100,     +17.1248333,      -1.0043333,   3,          3
                  SDSSJ0108-0100,     +17.1248333,      -1.0043333,   4,          2
                  SDSSJ0108-0100,     +17.1248333,      -1.0043333,   5,          3
                   VIKJ0109-3047,     +17.4713790,     -30.7906420,   1,          2
                   VIKJ0109-3047,     +17.4713790,     -30.7906420,   2,          2
                   VIKJ0109-3047,     +17.4713790,     -30.7906420,   3,          4
                   VIKJ0109-3047,     +17.4713790,     -30.7906420,   4,          2
                  SDSSJ0115+0015,     +18.9365833,      +0.2541388,   3,          5
                  SDSSJ0115+0015,     +18.9365833,      +0.2541388,   4,          3
                  SDSSJ0115+0015,     +18.9365833,      +0.2541388,   5,          5
                SDWISEJ0115-0253,     +18.9427916,      -2.8867333,   2,          4
                SDWISEJ0115-0253,     +18.9427916,      -2.8867333,   3,          4
                SDWISEJ0115-0253,     +18.9427916,      -2.8867333,   4,          4
                SDWISEJ0115-0253,     +18.9427916,      -2.8867333,   5,          4
                  SDSSJ0129-0028,     +22.2810000,      -0.4793055,   3,          4
                  SDSSJ0129-0028,     +22.2810000,      -0.4793055,   4,          2
                  SDSSJ0129-0028,     +22.2810000,      -0.4793055,   5,          4
                  SDSSJ0129-0035,     +22.4937910,      -0.5943611,   3,          4
                  SDSSJ0129-0035,     +22.4937910,      -0.5943611,   4,          2
                  SDSSJ0129-0035,     +22.4937910,      -0.5943611,   5,          4
                SDWISEJ0131-0321,     +22.8639166,      -3.3500527,   2,          2
                SDWISEJ0131-0321,     +22.8639166,      -3.3500527,   3,          2
                SDWISEJ0131-0321,     +22.8639166,      -3.3500527,   4,          2
                SDWISEJ0131-0321,     +22.8639166,      -3.3500527,   5,          2
            PSOJ023.0071-02.2675,     +23.0071000,      -2.2675300,   2,          2
            PSOJ023.0071-02.2675,     +23.0071000,      -2.2675300,   3,          2
            PSOJ023.0071-02.2675,     +23.0071000,      -2.2675300,   4,          2
            PSOJ023.0071-02.2675,     +23.0071000,      -2.2675300,   5,          2
                  SDSSJ0133+0106,     +23.3618333,      +1.1104722,   3,          4
                  SDSSJ0133+0106,     +23.3618333,      +1.1104722,   4,          3
                  SDSSJ0133+0106,     +23.3618333,      +1.1104722,   5,          5
          ATLASJ025.6821-33.4627,     +25.6821972,     -33.4626300,   1,          2
          ATLASJ025.6821-33.4627,     +25.6821972,     -33.4626300,   2,          2
          ATLASJ025.6821-33.4627,     +25.6821972,     -33.4626300,   3,          6
          ATLASJ025.6821-33.4627,     +25.6821972,     -33.4626300,   5,          2
                  VDESJ0143-5545,     +25.7926667,     -55.7529667,   3,          2
                  VDESJ0143-5545,     +25.7926667,     -55.7529667,   5,          2
            PSOJ029.5172-29.0886,     +29.5172600,     -29.0886800,   1,          1
            PSOJ029.5172-29.0886,     +29.5172600,     -29.0886800,   2,          3
            PSOJ029.5172-29.0886,     +29.5172600,     -29.0886800,   3,          2
            PSOJ029.5172-29.0886,     +29.5172600,     -29.0886800,   4,          1
            PSOJ029.5172-29.0886,     +29.5172600,     -29.0886800,   5,          1
          ATLASJ029.9915-36.5658,     +29.9915479,     -36.5657230,   3,          3
          ATLASJ029.9915-36.5658,     +29.9915479,     -36.5657230,   5,          3
               SHELLQsJ0202-0251,     +30.7425417,      -2.8648889,   3,          2
               SHELLQsJ0202-0251,     +30.7425417,      -2.8648889,   4,          2
               SHELLQsJ0202-0251,     +30.7425417,      -2.8648889,   5,          2
                  ULASJ0203+0012,     +30.8849155,      +0.2081304,   3,          4
                  ULASJ0203+0012,     +30.8849155,      +0.2081304,   4,          2
                  ULASJ0203+0012,     +30.8849155,      +0.2081304,   5,          4
                  SDSSJ0205-0955,     +31.4442916,      -9.9232500,   3,          2
                  SDSSJ0205-0955,     +31.4442916,      -9.9232500,   5,          2
               SHELLQsJ0206-0255,     +31.5466667,      -2.9271667,   3,          4
               SHELLQsJ0206-0255,     +31.5466667,      -2.9271667,   4,          4
               SHELLQsJ0206-0255,     +31.5466667,      -2.9271667,   5,          4
                  SDSSJ0208-0112,     +32.0179583,      -1.2095277,   3,          2
                  SDSSJ0208-0112,     +32.0179583,      -1.2095277,   4,          2
                  SDSSJ0208-0112,     +32.0179583,      -1.2095277,   5,          2
                 CFHQSJ0210-0456,     +32.5549580,      -4.9391388,   3,          3
                 CFHQSJ0210-0456,     +32.5549580,      -4.9391388,   4,          3
                 CFHQSJ0210-0456,     +32.5549580,      -4.9391388,   5,          3
                  SDSSJ0210+0003,     +32.7361249,      +0.0513056,   3,          7
                  SDSSJ0210+0003,     +32.7361249,      +0.0513056,   4,          3
                  SDSSJ0210+0003,     +32.7361249,      +0.0513056,   5,          7
               SHELLQsJ0211-0203,     +32.9355417,      -2.0510833,   3,          4
               SHELLQsJ0211-0203,     +32.9355417,      -2.0510833,   4,          4
               SHELLQsJ0211-0203,     +32.9355417,      -2.0510833,   5,          4
               SHELLQsJ0213-0626,     +33.3205833,      -6.4375556,   3,          4
               SHELLQsJ0213-0626,     +33.3205833,      -6.4375556,   4,          4
               SHELLQsJ0213-0626,     +33.3205833,      -6.4375556,   5,          4
                   MMTJ0215-0529,     +33.8469583,      -5.4960556,   1,         74
                   MMTJ0215-0529,     +33.8469583,      -5.4960556,   2,         87
                   MMTJ0215-0529,     +33.8469583,      -5.4960556,   3,         34
                   MMTJ0215-0529,     +33.8469583,      -5.4960556,   4,         51
                   MMTJ0215-0529,     +33.8469583,      -5.4960556,   5,         52
                 CFHQSJ0216-0455,     +34.1158750,      -4.9261388,   1,        180
                 CFHQSJ0216-0455,     +34.1158750,      -4.9261388,   2,        201
                 CFHQSJ0216-0455,     +34.1158750,      -4.9261388,   3,         81
                 CFHQSJ0216-0455,     +34.1158750,      -4.9261388,   4,        124
                 CFHQSJ0216-0455,     +34.1158750,      -4.9261388,   5,        120
                 VDESJ02165-5226,     +34.1618750,     -52.4390556,   3,          3
                 VDESJ02165-5226,     +34.1618750,     -52.4390556,   5,          3
               SHELLQsJ0217-0208,     +34.3399583,      -2.1479444,   3,          2
               SHELLQsJ0217-0208,     +34.3399583,      -2.1479444,   4,          2
               SHELLQsJ0217-0208,     +34.3399583,      -2.1479444,   5,          2
                  SDSSJ0218-0027,     +34.5878333,      -0.4626946,   3,          5
                  SDSSJ0218-0027,     +34.5878333,      -0.4626946,   4,          2
                  SDSSJ0218-0027,     +34.5878333,      -0.4626946,   5,          5
               SHELLQsJ0220-0432,     +35.1238333,      -4.5344444,   1,          3
               SHELLQsJ0220-0432,     +35.1238333,      -4.5344444,   2,        172
               SHELLQsJ0220-0432,     +35.1238333,      -4.5344444,   3,        105
               SHELLQsJ0220-0432,     +35.1238333,      -4.5344444,   4,         86
               SHELLQsJ0220-0432,     +35.1238333,      -4.5344444,   5,        104
                  MMTJ0221-0342A,     +35.3013333,      -3.7087778,   1,          2
                  MMTJ0221-0342A,     +35.3013333,      -3.7087778,   3,          4
                  MMTJ0221-0342A,     +35.3013333,      -3.7087778,   4,          4
                  MMTJ0221-0342A,     +35.3013333,      -3.7087778,   5,          4
                 SDSSJ0221-0342B,     +35.3025416,      -3.7145000,   1,          3
                 SDSSJ0221-0342B,     +35.3025416,      -3.7145000,   3,          5
                 SDSSJ0221-0342B,     +35.3025416,      -3.7145000,   4,          5
                 SDSSJ0221-0342B,     +35.3025416,      -3.7145000,   5,          5
                 CFHQSJ0221-0802,     +35.3446250,      -8.0476388,   3,          4
                 CFHQSJ0221-0802,     +35.3446250,      -8.0476388,   5,          4
                  VDESJ0224-4711,     +36.1105700,     -47.1914900,   3,          2
                  VDESJ0224-4711,     +36.1105700,     -47.1914900,   4,          2
                  VDESJ0224-4711,     +36.1105700,     -47.1914900,   5,          2
                 CFHQSJ0227-0605,     +36.9303750,      -6.0917222,   1,          2
                 CFHQSJ0227-0605,     +36.9303750,      -6.0917222,   2,          2
                 CFHQSJ0227-0605,     +36.9303750,      -6.0917222,   3,          6
                 CFHQSJ0227-0605,     +36.9303750,      -6.0917222,   4,          4
                 CFHQSJ0227-0605,     +36.9303750,      -6.0917222,   5,          4
                  SDSSJ0230+0046,     +37.5094583,      +0.7796667,   3,          4
                  SDSSJ0230+0046,     +37.5094583,      +0.7796667,   4,          4
                  SDSSJ0230+0046,     +37.5094583,      +0.7796667,   5,          4
                  SDSSJ0231-0728,     +37.9068333,      -7.4817778,   3,          3
                  SDSSJ0231-0728,     +37.9068333,      -7.4817778,   5,          3
            PSOJ037.9706-28.8389,     +37.9706570,     -28.8389110,   1,          2
            PSOJ037.9706-28.8389,     +37.9706570,     -28.8389110,   2,          2
            PSOJ037.9706-28.8389,     +37.9706570,     -28.8389110,   3,          4
            PSOJ037.9706-28.8389,     +37.9706570,     -28.8389110,   5,          2
               SHELLQsJ0235-0532,     +38.9267500,      -5.5448889,   3,          3
               SHELLQsJ0235-0532,     +38.9267500,      -5.5448889,   4,          3
               SHELLQsJ0235-0532,     +38.9267500,      -5.5448889,   5,          3
                  SDSSJ0239-0045,     +39.8760000,      -0.7514999,   3,          3
                  SDSSJ0239-0045,     +39.8760000,      -0.7514999,   4,          3
                  SDSSJ0239-0045,     +39.8760000,      -0.7514999,   5,          3
                  VDESJ0244-5008,     +41.0000000,     -50.1333333,   3,          4
                  VDESJ0244-5008,     +41.0000000,     -50.1333333,   4,          4
                  VDESJ0244-5008,     +41.0000000,     -50.1333333,   5,          4
                  VDESJ0246-5219,     +41.7329167,     -52.3305278,   3,          3
                  VDESJ0246-5219,     +41.7329167,     -52.3305278,   5,          3
            PSOJ042.6690-02.9174,     +42.6690900,      -2.9174500,   3,          2
            PSOJ042.6690-02.9174,     +42.6690900,      -2.9174500,   5,          2
            PSOJ045.1840-22.5408,     +45.1840820,     -22.5408850,   3,          2
            PSOJ045.1840-22.5408,     +45.1840820,     -22.5408850,   5,          2
                  SDSSJ0301+0020,     +45.3208749,      +0.3405556,   3,          2
                  SDSSJ0301+0020,     +45.3208749,      +0.3405556,   4,          2
                  SDSSJ0301+0020,     +45.3208749,      +0.3405556,   5,          2
                  SDSSJ0303-0019,     +45.8808330,      -0.3202499,   3,          2
                  SDSSJ0303-0019,     +45.8808330,      -0.3202499,   4,          2
                   VIKJ0305-3150,     +46.3204830,     -31.8488610,   1,          3
                   VIKJ0305-3150,     +46.3204830,     -31.8488610,   2,          3
                   VIKJ0305-3150,     +46.3204830,     -31.8488610,   3,          5
                   VIKJ0305-3150,     +46.3204830,     -31.8488610,   4,          3
                   VIKJ0305-3150,     +46.3204830,     -31.8488610,   5,          3
                  SDSSJ0321+0029,     +50.4794583,      +0.4948335,   3,          4
                  SDSSJ0321+0029,     +50.4794583,      +0.4948335,   4,          4
                  SDSSJ0321+0029,     +50.4794583,      +0.4948335,   5,          4
                  VDESJ0323-4701,     +50.9180833,     -47.0222583,   3,          2
                  VDESJ0323-4701,     +50.9180833,     -47.0222583,   4,          2
                  VDESJ0323-4701,     +50.9180833,     -47.0222583,   5,          2
                   VIKJ0328-3253,     +52.1479420,     -32.8896780,   1,          2
                   VIKJ0328-3253,     +52.1479420,     -32.8896780,   2,          3
                   VIKJ0328-3253,     +52.1479420,     -32.8896780,   3,          6
                   VIKJ0328-3253,     +52.1479420,     -32.8896780,   4,          3
                   VIKJ0328-3253,     +52.1479420,     -32.8896780,   5,          3
                  VDESJ0330-4025,     +52.6163333,     -40.4212222,   3,          3
                  VDESJ0330-4025,     +52.6163333,     -40.4212222,   5,          3
                  SDSSJ0338+0021,     +54.6221249,      +0.3656388,   3,          3
                  SDSSJ0338+0021,     +54.6221249,      +0.3656388,   4,          3
                  SDSSJ0338+0021,     +54.6221249,      +0.3656388,   5,          3
                  SDSSJ0341-0048,     +55.4243750,      -0.8035444,   3,          2
                  SDSSJ0341-0048,     +55.4243750,      -0.8035444,   4,          2
                  SDSSJ0341-0048,     +55.4243750,      -0.8035444,   5,          2
                  SDSSJ0349+0034,     +57.4974999,      +0.5676388,   3,          3
                  SDSSJ0349+0034,     +57.4974999,      +0.5676388,   4,          3
                  SDSSJ0349+0034,     +57.4974999,      +0.5676388,   5,          3
                  SDSSJ0353+0104,     +58.4572136,      +1.0679614,   3,          4
                  SDSSJ0353+0104,     +58.4572136,      +1.0679614,   4,          4
                  SDSSJ0353+0104,     +58.4572136,      +1.0679614,   5,          4
                  VDESJ0408-5632,     +62.0801250,     -56.5413389,   3,          3
                  VDESJ0408-5632,     +62.0801250,     -56.5413389,   5,          3
                  VDESJ0410-4414,     +62.5134583,     -44.2446389,   3,          2
                  VDESJ0410-4414,     +62.5134583,     -44.2446389,   5,          2
                  VDESJ0420-4453,     +65.0472500,     -44.8899444,   3,          2
                  VDESJ0420-4453,     +65.0472500,     -44.8899444,   5,          2
            PSOJ065.4085-26.9543,     +65.4085370,     -26.9543351,   3,          3
            PSOJ065.4085-26.9543,     +65.4085370,     -26.9543351,   5,          3
            PSOJ071.4507-02.3332,     +71.4507500,      -2.3332900,   3,          2
            PSOJ071.4507-02.3332,     +71.4507500,      -2.3332900,   5,          2
                  VDESJ0454-4448,     +73.5074500,     -44.8086400,   3,          2
                  VDESJ0454-4448,     +73.5074500,     -44.8086400,   5,          2
            PSOJ075.9356-07.5061,     +75.9356600,      -7.5061300,   3,          2
            PSOJ075.9356-07.5061,     +75.9356600,      -7.5061300,   5,          2
               SHELLQsJ0834+0211,    +128.5036667,      +2.1963611,   3,          2
               SHELLQsJ0834+0211,    +128.5036667,      +2.1963611,   4,          2
               SHELLQsJ0834+0211,    +128.5036667,      +2.1963611,   5,          2
                  SDSSJ0836+0054,    +129.1827665,      +0.9147934,   1,          2
                  SDSSJ0836+0054,    +129.1827665,      +0.9147934,   2,          3
                  SDSSJ0836+0054,    +129.1827665,      +0.9147934,   3,          4
                  SDSSJ0836+0054,    +129.1827665,      +0.9147934,   4,          3
                  SDSSJ0836+0054,    +129.1827665,      +0.9147934,   5,          3
                   VIKJ0839+0015,    +129.9806500,      +0.2650583,   1,          1
                   VIKJ0839+0015,    +129.9806500,      +0.2650583,   2,          3
                   VIKJ0839+0015,    +129.9806500,      +0.2650583,   3,          4
                   VIKJ0839+0015,    +129.9806500,      +0.2650583,   5,          2
               SHELLQsJ0844-0132,    +131.0358750,      -1.5379167,   1,          2
               SHELLQsJ0844-0132,    +131.0358750,      -1.5379167,   2,          2
               SHELLQsJ0844-0132,    +131.0358750,      -1.5379167,   3,          6
               SHELLQsJ0844-0132,    +131.0358750,      -1.5379167,   4,          2
               SHELLQsJ0844-0132,    +131.0358750,      -1.5379167,   5,          4
               SHELLQsJ0844-0052,    +131.1316666,      -0.8818333,   1,          3
               SHELLQsJ0844-0052,    +131.1316666,      -0.8818333,   2,          3
               SHELLQsJ0844-0052,    +131.1316666,      -0.8818333,   3,          6
               SHELLQsJ0844-0052,    +131.1316666,      -0.8818333,   4,          3
               SHELLQsJ0844-0052,    +131.1316666,      -0.8818333,   5,          5
                   IMSJ0850-0506,    +132.6173333,      -5.1019167,   3,          3
                   IMSJ0850-0506,    +132.6173333,      -5.1019167,   5,          3
               SHELLQsJ0853+0139,    +133.4535000,      +1.6530556,   1,          2
               SHELLQsJ0853+0139,    +133.4535000,      +1.6530556,   2,          2
               SHELLQsJ0853+0139,    +133.4535000,      +1.6530556,   3,          4
               SHELLQsJ0853+0139,    +133.4535000,      +1.6530556,   4,          2
               SHELLQsJ0853+0139,    +133.4535000,      +1.6530556,   5,          2
               SHELLQsJ0857+0056,    +134.4105416,      +0.9368611,   1,          3
               SHELLQsJ0857+0056,    +134.4105416,      +0.9368611,   2,          1
               SHELLQsJ0857+0056,    +134.4105416,      +0.9368611,   3,          3
               SHELLQsJ0857+0056,    +134.4105416,      +0.9368611,   4,          3
               SHELLQsJ0857+0056,    +134.4105416,      +0.9368611,   5,          2
               SHELLQsJ0858+0000,    +134.5562917,      +0.0158611,   1,          2
               SHELLQsJ0858+0000,    +134.5562917,      +0.0158611,   3,          2
               SHELLQsJ0858+0000,    +134.5562917,      +0.0158611,   4,          2
               SHELLQsJ0858+0000,    +134.5562917,      +0.0158611,   5,          2
                   HSCJ0859+0022,    +134.7799583,      +0.3821944,   1,          2
                   HSCJ0859+0022,    +134.7799583,      +0.3821944,   3,          2
                   HSCJ0859+0022,    +134.7799583,      +0.3821944,   4,          2
                   HSCJ0859+0022,    +134.7799583,      +0.3821944,   5,          2
               SHELLQsJ0902+0155,    +135.7286250,      +1.9196944,   1,          3
               SHELLQsJ0902+0155,    +135.7286250,      +1.9196944,   2,          3
               SHELLQsJ0902+0155,    +135.7286250,      +1.9196944,   3,          3
               SHELLQsJ0902+0155,    +135.7286250,      +1.9196944,   4,          3
               SHELLQsJ0902+0155,    +135.7286250,      +1.9196944,   5,          1
               SHELLQsJ0903+0211,    +135.8111666,      +2.1911944,   1,          6
               SHELLQsJ0903+0211,    +135.8111666,      +2.1911944,   2,          6
               SHELLQsJ0903+0211,    +135.8111666,      +2.1911944,   3,          9
               SHELLQsJ0903+0211,    +135.8111666,      +2.1911944,   4,          6
               SHELLQsJ0903+0211,    +135.8111666,      +2.1911944,   5,          6
            PSOJ135.8704-13.8336,    +135.8704568,     -13.8336863,   3,          2
            PSOJ135.8704-13.8336,    +135.8704568,     -13.8336863,   5,          2
               SHELLQsJ0905+0300,    +136.4360416,      +3.0163333,   1,          1
               SHELLQsJ0905+0300,    +136.4360416,      +3.0163333,   2,          1
               SHELLQsJ0905+0300,    +136.4360416,      +3.0163333,   3,          2
               SHELLQsJ0905+0300,    +136.4360416,      +3.0163333,   4,          1
               SHELLQsJ0905+0300,    +136.4360416,      +3.0163333,   5,          1
                  DELSJ0910-0414,    +137.7272080,      -4.2352222,   3,          3
                  DELSJ0910-0414,    +137.7272080,      -4.2352222,   5,          3
               SHELLQsJ0911+0152,    +137.8094583,      +1.8720556,   1,          8
               SHELLQsJ0911+0152,    +137.8094583,      +1.8720556,   2,          8
               SHELLQsJ0911+0152,    +137.8094583,      +1.8720556,   3,         14
               SHELLQsJ0911+0152,    +137.8094583,      +1.8720556,   4,          7
               SHELLQsJ0911+0152,    +137.8094583,      +1.8720556,   5,          8
               SHELLQsJ0918+0139,    +139.6382083,      +1.6564722,   1,          4
               SHELLQsJ0918+0139,    +139.6382083,      +1.6564722,   2,          4
               SHELLQsJ0918+0139,    +139.6382083,      +1.6564722,   3,          4
               SHELLQsJ0921+0007,    +140.3356667,      +0.1230278,   1,          2
               SHELLQsJ0921+0007,    +140.3356667,      +0.1230278,   2,          2
               SHELLQsJ0921+0007,    +140.3356667,      +0.1230278,   3,          2
               SHELLQsJ0921+0007,    +140.3356667,      +0.1230278,   5,          2
                  SDUVJ0935-0207,    +143.8471250,      -2.1317778,   2,          2
                  SDUVJ0935-0207,    +143.8471250,      -2.1317778,   3,          2
                  SDUVJ0935-0207,    +143.8471250,      -2.1317778,   4,          2
                  SDUVJ0935-0207,    +143.8471250,      -2.1317778,   5,          2
                  SDSSJ0959+0227,    +149.7837500,      +2.4520444,   2,        285
                  SDSSJ0959+0227,    +149.7837500,      +2.4520444,   3,        301
                  SDSSJ0959+0227,    +149.7837500,      +2.4520444,   4,        511
                  SDSSJ0959+0227,    +149.7837500,      +2.4520444,   5,        403
                  SDSSJ0959+0227,    +149.7837500,      +2.4520444,   9,        172
                  SDSSJ1000+0234,    +150.2145833,      +2.5826333,   2,        208
                  SDSSJ1000+0234,    +150.2145833,      +2.5826333,   3,        223
                  SDSSJ1000+0234,    +150.2145833,      +2.5826333,   4,        361
                  SDSSJ1000+0234,    +150.2145833,      +2.5826333,   5,        455
                  SDSSJ1000+0234,    +150.2145833,      +2.5826333,   9,        115
            PSOJ157.9070-02.6599,    +157.9070364,      -2.6599073,   1,          3
            PSOJ157.9070-02.6599,    +157.9070364,      -2.6599073,   2,          3
            PSOJ157.9070-02.6599,    +157.9070364,      -2.6599073,   3,          4
            PSOJ157.9070-02.6599,    +157.9070364,      -2.6599073,   4,          2
            PSOJ157.9070-02.6599,    +157.9070364,      -2.6599073,   5,          3
          ATLASJ158.6938-14.4211,    +158.6938000,     -14.4211000,   2,          3
          ATLASJ158.6938-14.4211,    +158.6938000,     -14.4211000,   3,          3
          ATLASJ158.6938-14.4211,    +158.6938000,     -14.4211000,   4,          3
          ATLASJ158.6938-14.4211,    +158.6938000,     -14.4211000,   5,          3
            PSOJ159.2257-02.5438,    +159.2257910,      -2.5438734,   1,          4
            PSOJ159.2257-02.5438,    +159.2257910,      -2.5438734,   3,          8
            PSOJ159.2257-02.5438,    +159.2257910,      -2.5438734,   4,          4
            PSOJ159.2257-02.5438,    +159.2257910,      -2.5438734,   5,          4
                  SDSSJ1040-1155,    +160.2025000,     -11.9306111,   2,          2
                  SDSSJ1040-1155,    +160.2025000,     -11.9306111,   3,          2
                  SDSSJ1040-1155,    +160.2025000,     -11.9306111,   4,          2
                  SDSSJ1040-1155,    +160.2025000,     -11.9306111,   5,          2
                  SDSSJ1044-0125,    +161.1376700,      -1.4172777,   1,          4
                  SDSSJ1044-0125,    +161.1376700,      -1.4172777,   2,          4
                  SDSSJ1044-0125,    +161.1376700,      -1.4172777,   3,          8
                  SDSSJ1044-0125,    +161.1376700,      -1.4172777,   4,          4
                  SDSSJ1044-0125,    +161.1376700,      -1.4172777,   5,          4
                  DELSJ1048-0109,    +162.0829167,      -1.1611694,   1,          2
                  DELSJ1048-0109,    +162.0829167,      -1.1611694,   2,          2
                  DELSJ1048-0109,    +162.0829167,      -1.1611694,   3,          4
                  DELSJ1048-0109,    +162.0829167,      -1.1611694,   4,          2
                  DELSJ1048-0109,    +162.0829167,      -1.1611694,   5,          2
                 CFHQSJ1059-0906,    +164.8692000,      -9.1056666,   2,          2
                 CFHQSJ1059-0906,    +164.8692000,      -9.1056666,   3,          2
                 CFHQSJ1059-0906,    +164.8692000,      -9.1056666,   4,          2
                 CFHQSJ1059-0906,    +164.8692000,      -9.1056666,   5,          2
            PSOJ167.6415-13.4960,    +167.6415660,     -13.4959995,   2,          4
            PSOJ167.6415-13.4960,    +167.6415660,     -13.4959995,   3,          4
            PSOJ167.6415-13.4960,    +167.6415660,     -13.4959995,   4,          4
            PSOJ167.6415-13.4960,    +167.6415660,     -13.4959995,   5,          4
                  SDSSJ1123-0044,    +170.7964583,      -0.7385111,   4,          2
                  SDSSJ1123-0044,    +170.7964583,      -0.7385111,   5,          2
            PSOJ174.7920-12.2845,    +174.7920407,     -12.2845492,   2,          2
            PSOJ174.7920-12.2845,    +174.7920407,     -12.2845492,   3,          2
            PSOJ174.7920-12.2845,    +174.7920407,     -12.2845492,   4,          2
            PSOJ174.7920-12.2845,    +174.7920407,     -12.2845492,   5,          2
            PSOJ175.4091-20.2654,    +175.4091843,     -20.2654580,   2,          2
            PSOJ175.4091-20.2654,    +175.4091843,     -20.2654580,   3,          2
            PSOJ175.4091-20.2654,    +175.4091843,     -20.2654580,   5,          2
               SHELLQsJ1146-0154,    +176.6360833,      -1.9106389,   1,          2
               SHELLQsJ1146-0154,    +176.6360833,      -1.9106389,   3,          4
               SHELLQsJ1146-0154,    +176.6360833,      -1.9106389,   4,          2
               SHELLQsJ1146-0154,    +176.6360833,      -1.9106389,   5,          4
               SHELLQsJ1146+0124,    +176.7017500,      +1.4055833,   2,          3
               SHELLQsJ1146+0124,    +176.7017500,      +1.4055833,   3,          6
               SHELLQsJ1146+0124,    +176.7017500,      +1.4055833,   4,          3
               SHELLQsJ1146-0005,    +176.7453750,      -0.0938056,   1,          1
               SHELLQsJ1146-0005,    +176.7453750,      -0.0938056,   2,          1
               SHELLQsJ1146-0005,    +176.7453750,      -0.0938056,   3,          4
               SHELLQsJ1146-0005,    +176.7453750,      -0.0938056,   4,          2
               SHELLQsJ1146-0005,    +176.7453750,      -0.0938056,   5,          3
                  SDUVJ1147-0109,    +176.7767083,      -1.1661667,   1,          4
                  SDUVJ1147-0109,    +176.7767083,      -1.1661667,   3,          4
                  SDUVJ1147-0109,    +176.7767083,      -1.1661667,   4,          4
                  SDUVJ1147-0109,    +176.7767083,      -1.1661667,   5,          4
                   VIKJ1148+0056,    +177.1382500,      +0.9450722,   1,          2
                   VIKJ1148+0056,    +177.1382500,      +0.9450722,   2,          4
                   VIKJ1148+0056,    +177.1382500,      +0.9450722,   3,          8
                   VIKJ1148+0056,    +177.1382500,      +0.9450722,   4,          2
                   VIKJ1148+0056,    +177.1382500,      +0.9450722,   5,          2
                   VIKJ1152+0055,    +178.0886300,      +0.9268583,   1,          3
                   VIKJ1152+0055,    +178.0886300,      +0.9268583,   2,          3
                   VIKJ1152+0055,    +178.0886300,      +0.9268583,   3,          6
                   VIKJ1152+0055,    +178.0886300,      +0.9268583,   4,          3
                   VIKJ1152+0055,    +178.0886300,      +0.9268583,   5,          1
            PSOJ178.5594-12.1881,    +178.5594134,     -12.1881893,   2,          2
            PSOJ178.5594-12.1881,    +178.5594134,     -12.1881893,   3,          2
            PSOJ178.5594-12.1881,    +178.5594134,     -12.1881893,   4,          2
            PSOJ178.5594-12.1881,    +178.5594134,     -12.1881893,   5,          2
               SHELLQsJ1201+0133,    +180.2625833,      +1.5656667,   3,          2
               SHELLQsJ1201+0133,    +180.2625833,      +1.5656667,   4,          2
               SHELLQsJ1201+0133,    +180.2625833,      +1.5656667,   5,          2
                   HSCJ1202-0057,    +180.6932083,      -0.9504722,   1,          2
                   HSCJ1202-0057,    +180.6932083,      -0.9504722,   2,          4
                   HSCJ1202-0057,    +180.6932083,      -0.9504722,   3,          6
                   HSCJ1202-0057,    +180.6932083,      -0.9504722,   4,          4
                   HSCJ1202-0057,    +180.6932083,      -0.9504722,   5,          4
                  SDSSJ1204-0021,    +181.1738947,      -0.3637859,   1,          2
                  SDSSJ1204-0021,    +181.1738947,      -0.3637859,   2,          2
                  SDSSJ1204-0021,    +181.1738947,      -0.3637859,   3,          4
                  SDSSJ1204-0021,    +181.1738947,      -0.3637859,   4,          2
                  SDSSJ1204-0021,    +181.1738947,      -0.3637859,   5,          2
                   HSCJ1205-0000,    +181.2712417,      -0.0077694,   1,          4
                   HSCJ1205-0000,    +181.2712417,      -0.0077694,   2,          4
                   HSCJ1205-0000,    +181.2712417,      -0.0077694,   3,          8
                   HSCJ1205-0000,    +181.2712417,      -0.0077694,   4,          4
                   HSCJ1205-0000,    +181.2712417,      -0.0077694,   5,          4
                   HSCJ1207-0005,    +181.9755833,      -0.0981389,   1,          2
                   HSCJ1207-0005,    +181.9755833,      -0.0981389,   2,          2
                   HSCJ1207-0005,    +181.9755833,      -0.0981389,   3,          4
                   HSCJ1207-0005,    +181.9755833,      -0.0981389,   5,          1
                  SDSSJ1208+0010,    +182.0992500,      +0.1743611,   1,          2
                  SDSSJ1208+0010,    +182.0992500,      +0.1743611,   2,          2
                  SDSSJ1208+0010,    +182.0992500,      +0.1743611,   3,          4
               SHELLQsJ1208-0200,    +182.2467917,      -2.0096667,   1,          4
               SHELLQsJ1208-0200,    +182.2467917,      -2.0096667,   2,          4
               SHELLQsJ1208-0200,    +182.2467917,      -2.0096667,   3,          5
               SHELLQsJ1208-0200,    +182.2467917,      -2.0096667,   4,          1
               SHELLQsJ1208-0200,    +182.2467917,      -2.0096667,   5,          4
               SHELLQsJ1209-0006,    +182.3499583,      -0.1129167,   1,          3
               SHELLQsJ1209-0006,    +182.3499583,      -0.1129167,   2,          3
               SHELLQsJ1209-0006,    +182.3499583,      -0.1129167,   3,          6
               SHELLQsJ1209-0006,    +182.3499583,      -0.1129167,   5,          2
            PSOJ183.2991-12.7676,    +183.2991900,     -12.7676240,   2,          2
            PSOJ183.2991-12.7676,    +183.2991900,     -12.7676240,   3,          2
            PSOJ183.2991-12.7676,    +183.2991900,     -12.7676240,   4,          2
            PSOJ183.2991-12.7676,    +183.2991900,     -12.7676240,   5,          2
                   VIKJ1215+0023,    +183.8202986,      +0.3901834,   3,          4
                   VIKJ1215+0023,    +183.8202986,      +0.3901834,   4,          2
                   VIKJ1215+0023,    +183.8202986,      +0.3901834,   5,          2
            PSOJ184.3389+01.5284,    +184.3389334,      +1.5284636,   1,          2
            PSOJ184.3389+01.5284,    +184.3389334,      +1.5284636,   2,          2
            PSOJ184.3389+01.5284,    +184.3389334,      +1.5284636,   3,          2
            PSOJ184.3389+01.5284,    +184.3389334,      +1.5284636,   4,          2
            PSOJ184.3389+01.5284,    +184.3389334,      +1.5284636,   5,          2
               SHELLQsJ1219+0050,    +184.7722500,      +0.8437500,   3,          2
            PSOJ187.1047-02.5609,    +187.1047900,      -2.5609033,   1,          3
            PSOJ187.1047-02.5609,    +187.1047900,      -2.5609033,   2,          3
            PSOJ187.1047-02.5609,    +187.1047900,      -2.5609033,   3,          6
            PSOJ187.1047-02.5609,    +187.1047900,      -2.5609033,   4,          3
            PSOJ187.1047-02.5609,    +187.1047900,      -2.5609033,   5,          3
                  SDSSJ1233+0622,    +188.3894733,      +6.3761650,   3,          3
                  SDSSJ1233+0622,    +188.3894733,      +6.3761650,   5,         12
                  SDSSJ1306+0356,    +196.5344701,      +3.9406556,   1,          1
                  SDSSJ1306+0356,    +196.5344701,      +3.9406556,   2,          1
                  SDSSJ1306+0356,    +196.5344701,      +3.9406556,   3,          2
                  SDSSJ1306+0356,    +196.5344701,      +3.9406556,   4,          1
                  SDSSJ1306+0356,    +196.5344701,      +3.9406556,   5,          1
                  SDUVJ1317-0239,    +199.3365833,      -2.6536111,   1,          3
                  SDUVJ1317-0239,    +199.3365833,      -2.6536111,   2,          3
                  SDUVJ1317-0239,    +199.3365833,      -2.6536111,   3,          6
                  SDUVJ1317-0239,    +199.3365833,      -2.6536111,   4,          3
                  SDUVJ1317-0239,    +199.3365833,      -2.6536111,   5,          3
                  SDUVJ1335-0328,    +203.9843333,      -3.4772778,   1,          2
                  SDUVJ1335-0328,    +203.9843333,      -3.4772778,   2,          2
                  SDUVJ1335-0328,    +203.9843333,      -3.4772778,   3,          4
                  SDUVJ1335-0328,    +203.9843333,      -3.4772778,   4,          2
                  SDUVJ1335-0328,    +203.9843333,      -3.4772778,   5,          2
            PSOJ209.2058-26.7083,    +209.2058560,     -26.7083970,   2,          2
            PSOJ209.2058-26.7083,    +209.2058560,     -26.7083970,   3,          2
            PSOJ209.2058-26.7083,    +209.2058560,     -26.7083970,   5,          2
               SHELLQsJ1400-0011,    +210.1199583,      -0.1976389,   1,          2
               SHELLQsJ1400-0011,    +210.1199583,      -0.1976389,   2,          2
               SHELLQsJ1400-0011,    +210.1199583,      -0.1976389,   3,          4
               SHELLQsJ1400-0011,    +210.1199583,      -0.1976389,   4,          2
               SHELLQsJ1400-0011,    +210.1199583,      -0.1976389,   5,          2
               SHELLQsJ1400-0125,    +210.1249583,      -1.4225000,   1,          2
               SHELLQsJ1400-0125,    +210.1249583,      -1.4225000,   2,          2
               SHELLQsJ1400-0125,    +210.1249583,      -1.4225000,   3,          4
               SHELLQsJ1400-0125,    +210.1249583,      -1.4225000,   4,          2
               SHELLQsJ1400-0125,    +210.1249583,      -1.4225000,   5,          2
            PSOJ210.8722-12.0094,    +210.8722200,     -12.0094820,   2,          2
            PSOJ210.8722-12.0094,    +210.8722200,     -12.0094820,   3,          2
            PSOJ210.8722-12.0094,    +210.8722200,     -12.0094820,   4,          2
            PSOJ210.8722-12.0094,    +210.8722200,     -12.0094820,   5,          2
               SHELLQsJ1406-0116,    +211.6213333,      -1.2697778,   1,          4
               SHELLQsJ1406-0116,    +211.6213333,      -1.2697778,   2,          4
               SHELLQsJ1406-0116,    +211.6213333,      -1.2697778,   3,          8
               SHELLQsJ1406-0116,    +211.6213333,      -1.2697778,   4,          4
               SHELLQsJ1406-0116,    +211.6213333,      -1.2697778,   5,          4
               SHELLQsJ1406-0144,    +211.6953333,      -1.7340556,   1,          3
               SHELLQsJ1406-0144,    +211.6953333,      -1.7340556,   2,          3
               SHELLQsJ1406-0144,    +211.6953333,      -1.7340556,   3,          6
               SHELLQsJ1406-0144,    +211.6953333,      -1.7340556,   4,          3
               SHELLQsJ1406-0144,    +211.6953333,      -1.7340556,   5,          3
            PSOJ212.2974-15.9865,    +212.2974337,     -15.9865717,   2,          1
            PSOJ212.2974-15.9865,    +212.2974337,     -15.9865717,   3,          1
            PSOJ212.2974-15.9865,    +212.2974337,     -15.9865717,   4,          1
            PSOJ212.2974-15.9865,    +212.2974337,     -15.9865717,   5,          1
            PSOJ213.3629-22.5617,    +213.3629900,     -22.5617370,   2,          2
            PSOJ213.3629-22.5617,    +213.3629900,     -22.5617370,   3,          2
            PSOJ213.3629-22.5617,    +213.3629900,     -22.5617370,   5,          2
               SHELLQsJ1414+0130,    +213.6647500,      +1.5101389,   1,          2
               SHELLQsJ1414+0130,    +213.6647500,      +1.5101389,   2,          2
               SHELLQsJ1414+0130,    +213.6647500,      +1.5101389,   3,          4
               SHELLQsJ1414+0130,    +213.6647500,      +1.5101389,   4,          2
               SHELLQsJ1414+0130,    +213.6647500,      +1.5101389,   5,          2
            PSOJ213.7329-13.4803,    +213.7329225,     -13.4803543,   2,          2
            PSOJ213.7329-13.4803,    +213.7329225,     -13.4803543,   3,          2
            PSOJ213.7329-13.4803,    +213.7329225,     -13.4803543,   4,          2
            PSOJ213.7329-13.4803,    +213.7329225,     -13.4803543,   5,          2
               SHELLQsJ1416+0015,    +214.0529583,      +0.2628333,   1,          2
               SHELLQsJ1416+0015,    +214.0529583,      +0.2628333,   2,          2
               SHELLQsJ1416+0015,    +214.0529583,      +0.2628333,   3,          4
               SHELLQsJ1416+0147,    +214.2208750,      +1.7839444,   1,          2
               SHELLQsJ1416+0147,    +214.2208750,      +1.7839444,   2,          2
               SHELLQsJ1416+0147,    +214.2208750,      +1.7839444,   3,          4
               SHELLQsJ1416+0147,    +214.2208750,      +1.7839444,   4,          2
               SHELLQsJ1416+0147,    +214.2208750,      +1.7839444,   5,          2
               SHELLQsJ1417+0117,    +214.3694583,      +1.2867778,   1,          2
               SHELLQsJ1417+0117,    +214.3694583,      +1.2867778,   2,          2
               SHELLQsJ1417+0117,    +214.3694583,      +1.2867778,   3,          4
               SHELLQsJ1417+0117,    +214.3694583,      +1.2867778,   4,          2
               SHELLQsJ1417+0117,    +214.3694583,      +1.2867778,   5,          2
            PSOJ215.1514-16.0417,    +215.1514300,     -16.0417350,   2,          2
            PSOJ215.1514-16.0417,    +215.1514300,     -16.0417350,   3,          2
            PSOJ215.1514-16.0417,    +215.1514300,     -16.0417350,   4,          2
            PSOJ215.1514-16.0417,    +215.1514300,     -16.0417350,   5,          2
               SHELLQsJ1422+0011,    +215.5009583,      +0.1841667,   1,          2
               SHELLQsJ1422+0011,    +215.5009583,      +0.1841667,   3,          2
               SHELLQsJ1422+0011,    +215.5009583,      +0.1841667,   5,          2
               SHELLQsJ1423-0018,    +215.8821250,      -0.3025278,   1,          2
               SHELLQsJ1423-0018,    +215.8821250,      -0.3025278,   2,          2
               SHELLQsJ1423-0018,    +215.8821250,      -0.3025278,   3,          4
               SHELLQsJ1423-0018,    +215.8821250,      -0.3025278,   4,          2
               SHELLQsJ1423-0018,    +215.8821250,      -0.3025278,   5,          2
               SHELLQsJ1425-0015,    +216.3238333,      -0.2613611,   1,          3
               SHELLQsJ1425-0015,    +216.3238333,      -0.2613611,   2,          3
               SHELLQsJ1425-0015,    +216.3238333,      -0.2613611,   3,          6
               SHELLQsJ1425-0015,    +216.3238333,      -0.2613611,   4,          3
               SHELLQsJ1425-0015,    +216.3238333,      -0.2613611,   5,          3
                 FIRSTJ1427+3312,    +216.9107900,     +33.2116660,  10,          6
            PSOJ217.0891-16.0453,    +217.0891328,     -16.0453608,   2,          5
            PSOJ217.0891-16.0453,    +217.0891328,     -16.0453608,   3,          5
            PSOJ217.0891-16.0453,    +217.0891328,     -16.0453608,   4,          3
            PSOJ217.0891-16.0453,    +217.0891328,     -16.0453608,   5,          5
               SHELLQsJ1429-0104,    +217.2628333,      -1.0787222,   1,          2
               SHELLQsJ1429-0104,    +217.2628333,      -1.0787222,   2,          2
               SHELLQsJ1429-0104,    +217.2628333,      -1.0787222,   3,          3
               SHELLQsJ1429-0104,    +217.2628333,      -1.0787222,   4,          3
               SHELLQsJ1429-0104,    +217.2628333,      -1.0787222,   5,          3
               SHELLQsJ1429-0002,    +217.2925833,      -0.0353889,   1,          1
               SHELLQsJ1429-0002,    +217.2925833,      -0.0353889,   2,          1
               SHELLQsJ1429-0002,    +217.2925833,      -0.0353889,   3,          3
               SHELLQsJ1429-0002,    +217.2925833,      -0.0353889,   4,          2
               SHELLQsJ1429-0002,    +217.2925833,      -0.0353889,   5,          2
                  SDSSJ1429+3304,    +217.4082083,     +33.0711667,  10,          2
            PSOJ217.9185-07.4120,    +217.9185333,      -7.4120745,   2,          2
            PSOJ217.9185-07.4120,    +217.9185333,      -7.4120745,   3,          2
            PSOJ217.9185-07.4120,    +217.9185333,      -7.4120745,   4,          2
            PSOJ217.9185-07.4120,    +217.9185333,      -7.4120745,   5,          2
               SHELLQsJ1440-0107,    +220.0054167,      -1.1172778,   1,          2
               SHELLQsJ1440-0107,    +220.0054167,      -1.1172778,   2,          2
               SHELLQsJ1440-0107,    +220.0054167,      -1.1172778,   3,          4
               SHELLQsJ1440-0107,    +220.0054167,      -1.1172778,   4,          2
               SHELLQsJ1440-0107,    +220.0054167,      -1.1172778,   5,          2
                 CFHQSJ1509-1749,    +227.4240800,     -17.8241110,   2,          3
                 CFHQSJ1509-1749,    +227.4240800,     -17.8241110,   3,          3
                 CFHQSJ1509-1749,    +227.4240800,     -17.8241110,   5,          3
            PSOJ231.6576-20.8335,    +231.6576708,     -20.8335167,   3,          2
            PSOJ231.6576-20.8335,    +231.6576708,     -20.8335167,   5,          2
            PSOJ238.8510-06.8976,    +238.8510335,      -6.8976629,   2,          2
            PSOJ238.8510-06.8976,    +238.8510335,      -6.8976629,   3,          2
            PSOJ238.8510-06.8976,    +238.8510335,      -6.8976629,   4,          2
            PSOJ238.8510-06.8976,    +238.8510335,      -6.8976629,   5,          2
            PSOJ239.7124-07.4026,    +239.7124609,      -7.4026641,   2,          2
            PSOJ239.7124-07.4026,    +239.7124609,      -7.4026641,   3,          2
            PSOJ239.7124-07.4026,    +239.7124609,      -7.4026641,   4,          2
            PSOJ239.7124-07.4026,    +239.7124609,      -7.4026641,   5,          2
                SDWISEJ1601-1828,    +240.2964999,     -18.4764111,   3,          2
                SDWISEJ1601-1828,    +240.2964999,     -18.4764111,   5,          2
            PSOJ242.4397-12.9816,    +242.4397100,     -12.9816971,   3,          2
            PSOJ242.4397-12.9816,    +242.4397100,     -12.9816971,   5,          2
            PSOJ245.0636-00.1978,    +245.0636766,      -0.1978600,   2,          1
            PSOJ245.0636-00.1978,    +245.0636766,      -0.1978600,   3,          1
            PSOJ245.0636-00.1978,    +245.0636766,      -0.1978600,   4,          1
            PSOJ245.0636-00.1978,    +245.0636766,      -0.1978600,   5,          1
            PSOJ308.0416-21.2339,    +308.0416401,     -21.2339750,   2,          2
            PSOJ308.0416-21.2339,    +308.0416401,     -21.2339750,   3,          2
            PSOJ308.0416-21.2339,    +308.0416401,     -21.2339750,   5,          2
            PSOJ308.4829-27.6485,    +308.4829700,     -27.6485000,   2,          2
            PSOJ308.4829-27.6485,    +308.4829700,     -27.6485000,   3,          2
            PSOJ308.4829-27.6485,    +308.4829700,     -27.6485000,   4,          2
            PSOJ308.4829-27.6485,    +308.4829700,     -27.6485000,   5,          2
                  SDSSJ2053+0047,    +313.3407000,      +0.7852222,   3,          2
                  SDSSJ2053+0047,    +313.3407000,      +0.7852222,   4,          2
                  SDSSJ2053+0047,    +313.3407000,      +0.7852222,   5,          2
                  SDSSJ2054-0005,    +313.5270400,      -0.0874444,   3,          2
                  SDSSJ2054-0005,    +313.5270400,      -0.0874444,   4,          2
                  SDSSJ2054-0005,    +313.5270400,      -0.0874444,   5,          2
                 CFHQSJ2100-1715,    +315.2275800,     -17.2562490,   2,          2
                 CFHQSJ2100-1715,    +315.2275800,     -17.2562490,   3,          2
                 CFHQSJ2100-1715,    +315.2275800,     -17.2562490,   5,          2
                   VHSJ2102-1458,    +315.5800830,     -14.9816666,   2,          2
                   VHSJ2102-1458,    +315.5800830,     -14.9816666,   3,          2
                   VHSJ2102-1458,    +315.5800830,     -14.9816666,   5,          2
                  SDSSJ2118-0003,    +319.5530416,      -0.0640833,   3,          3
                  SDSSJ2118-0003,    +319.5530416,      -0.0640833,   4,          3
                  SDSSJ2118-0003,    +319.5530416,      -0.0640833,   5,          3
            PSOJ319.6040-10.9326,    +319.6040300,     -10.9326200,   2,          3
            PSOJ319.6040-10.9326,    +319.6040300,     -10.9326200,   3,          3
            PSOJ319.6040-10.9326,    +319.6040300,     -10.9326200,   5,          3
                  SDSSJ2119-0040,    +319.9662083,      -0.6722500,   3,          2
                  SDSSJ2119-0040,    +319.9662083,      -0.6722500,   4,          2
                  SDSSJ2119-0040,    +319.9662083,      -0.6722500,   5,          2
            PSOJ320.8703-24.3604,    +320.8703300,     -24.3604000,   2,          2
            PSOJ320.8703-24.3604,    +320.8703300,     -24.3604000,   3,          2
            PSOJ320.8703-24.3604,    +320.8703300,     -24.3604000,   5,          2
                  VDESJ2131-4359,    +322.7928750,     -43.9840278,   3,          2
                  VDESJ2131-4359,    +322.7928750,     -43.9840278,   5,          2
                  SDUVJ2142-0120,    +325.6636250,      -1.3334167,   3,          2
                  SDUVJ2142-0120,    +325.6636250,      -1.3334167,   4,          2
                  SDUVJ2142-0120,    +325.6636250,      -1.3334167,   5,          2
                  SDSSJ2147+0107,    +326.9808700,      +1.1320277,   3,          2
                  SDSSJ2147+0107,    +326.9808700,      +1.1320277,   4,          2
                  SDSSJ2147+0107,    +326.9808700,      +1.1320277,   5,          2
            PSOJ328.7339-09.5076,    +328.7339966,      -9.5076274,   2,          2
            PSOJ328.7339-09.5076,    +328.7339966,      -9.5076274,   3,          2
            PSOJ328.7339-09.5076,    +328.7339966,      -9.5076274,   5,          2
               SHELLQsJ2201+0155,    +330.3836250,      +1.9247222,   3,          2
                   MMTJ2202+0131,    +330.6383333,      +1.5223056,   3,          6
                   IMSJ2204+0012,    +331.0746667,      +1.1957778,   3,          3
                   IMSJ2204+0012,    +331.0746667,      +1.1957778,   4,          1
                   IMSJ2204+0012,    +331.0746667,      +1.1957778,   5,          1
                   IMSJ2206+0201,    +331.6450417,      +2.0267500,   3,          2
                SDWISEJ2207-0416,    +331.7921666,      -4.2823000,   2,          2
                SDWISEJ2207-0416,    +331.7921666,      -4.2823000,   3,          2
                SDWISEJ2207-0416,    +331.7921666,      -4.2823000,   4,          2
                SDWISEJ2207-0416,    +331.7921666,      -4.2823000,   5,          2
                  VDESJ2211-6320,    +332.7525000,     -63.3488333,   3,          2
                  VDESJ2211-6320,    +332.7525000,     -63.3488333,   5,          2
          ATLASJ332.8017-32.1036,    +332.8007083,     -32.1035556,   1,          3
          ATLASJ332.8017-32.1036,    +332.8007083,     -32.1035556,   2,          3
          ATLASJ332.8017-32.1036,    +332.8007083,     -32.1035556,   3,          6
                  SDSSJ2211+0011,    +332.9208750,      +0.1885833,   3,          3
                  SDSSJ2211+0011,    +332.9208750,      +0.1885833,   4,          2
                  SDSSJ2211+0011,    +332.9208750,      +0.1885833,   5,          3
                  SDSSJ2211+0011,    +332.9208750,      +0.1885833,  10,          4
                  SDSSJ2212-0042,    +333.2145417,      -0.7085278,   3,          4
                  SDSSJ2212-0042,    +333.2145417,      -0.7085278,   4,          2
                  SDSSJ2212-0042,    +333.2145417,      -0.7085278,   5,          4
                   MMTJ2213+0034,    +333.2719167,      +0.5688333,   3,          5
                   MMTJ2213+0034,    +333.2719167,      +0.5688333,   4,          2
                   MMTJ2213+0034,    +333.2719167,      +0.5688333,   5,          4
                   MMTJ2213+0034,    +333.2719167,      +0.5688333,  10,          4
                   MMTJ2215-0009,    +333.8342500,      -0.1523333,   3,          5
                   MMTJ2215-0009,    +333.8342500,      -0.1523333,   4,          3
                   MMTJ2215-0009,    +333.8342500,      -0.1523333,   5,          5
                  SDSSJ2216+0013,    +334.1834167,      +0.2300278,   3,          4
                  SDSSJ2216+0013,    +334.1834167,      +0.2300278,   4,          2
                  SDSSJ2216+0013,    +334.1834167,      +0.2300278,   5,          3
                  SDSSJ2216+0013,    +334.1834167,      +0.2300278,  10,          6
                   HSCJ2216-0016,    +334.1852917,      -0.2805833,   3,          5
                   HSCJ2216-0016,    +334.1852917,      -0.2805833,   4,          3
                   HSCJ2216-0016,    +334.1852917,      -0.2805833,   5,          5
               VIMOS2911001793.0,    +334.8217500,      +1.0469167,   3,          6
               VIMOS2911001793.0,    +334.8217500,      +1.0469167,   4,          2
               VIMOS2911001793.0,    +334.8217500,      +1.0469167,   5,          3
               VIMOS2911001793.0,    +334.8217500,      +1.0469167,  10,          4
                  SDSSJ2220-0101,    +335.0770400,      -1.0296911,   3,          3
                  SDSSJ2220-0101,    +335.0770400,      -1.0296911,   4,          3
                  SDSSJ2220-0101,    +335.0770400,      -1.0296911,   5,          3
                SDWISEJ2226-0618,    +336.5517083,      -6.3020249,   2,          2
                SDWISEJ2226-0618,    +336.5517083,      -6.3020249,   3,          2
                SDWISEJ2226-0618,    +336.5517083,      -6.3020249,   4,          2
                SDWISEJ2226-0618,    +336.5517083,      -6.3020249,   5,          2
                  SDSSJ2228+0110,    +337.1814100,      +1.1756111,   3,          3
                  SDSSJ2228+0110,    +337.1814100,      +1.1756111,   4,          2
                  SDSSJ2228+0110,    +337.1814100,      +1.1756111,   5,          3
                  SDSSJ2228-0757,    +337.1881250,      -7.9653833,   2,          2
                  SDSSJ2228-0757,    +337.1881250,      -7.9653833,   3,          2
                  SDSSJ2228-0757,    +337.1881250,      -7.9653833,   5,          2
               SHELLQsJ2231-0035,    +337.9537083,      -0.5965278,   3,          4
               SHELLQsJ2231-0035,    +337.9537083,      -0.5965278,   4,          2
               SHELLQsJ2231-0035,    +337.9537083,      -0.5965278,   5,          4
                   HSCJ2232+0012,    +338.0501250,      +0.2106667,   3,          3
                   HSCJ2232+0012,    +338.0501250,      +0.2106667,   4,          1
                   HSCJ2232+0012,    +338.0501250,      +0.2106667,   5,          3
                  SDSSJ2233-0107,    +338.3651666,      -1.1178888,   3,          2
                  SDSSJ2233-0107,    +338.3651666,      -1.1178888,   4,          2
                  SDSSJ2233-0107,    +338.3651666,      -1.1178888,   5,          2
                   HSCJ2236+0032,    +339.1857500,      +0.5491389,   3,          6
                   HSCJ2236+0032,    +339.1857500,      +0.5491389,   4,          4
                   HSCJ2236+0032,    +339.1857500,      +0.5491389,   5,          6
                  SDSSJ2238-0027,    +339.7091666,      -0.4505000,   3,          5
                  SDSSJ2238-0027,    +339.7091666,      -0.4505000,   4,          2
                  SDSSJ2238-0027,    +339.7091666,      -0.4505000,   5,          5
                  SDSSJ2239+0030,    +339.7814999,      +0.5062777,   3,          5
                  SDSSJ2239+0030,    +339.7814999,      +0.5062777,   4,          2
                  SDSSJ2239+0030,    +339.7814999,      +0.5062777,   5,          5
            PSOJ340.2041-18.6621,    +340.2041700,     -18.6621700,   2,          2
            PSOJ340.2041-18.6621,    +340.2041700,     -18.6621700,   3,          2
            PSOJ340.2041-18.6621,    +340.2041700,     -18.6621700,   5,          2
                  SDSSJ2245+0024,    +341.3511249,      +0.4039444,   3,          2
                  SDSSJ2245+0024,    +341.3511249,      +0.4039444,   4,          2
                  SDSSJ2245+0024,    +341.3511249,      +0.4039444,   5,          4
                  VDESJ2250-5015,    +342.5083750,     -50.2617083,   3,          3
                  VDESJ2250-5015,    +342.5083750,     -50.2617083,   4,          3
                  VDESJ2250-5015,    +342.5083750,     -50.2617083,   5,          3
               SHELLQsJ2304+0045,    +346.0957083,      +0.7515000,   3,          6
               SHELLQsJ2304+0045,    +346.0957083,      +0.7515000,   4,          4
               SHELLQsJ2304+0045,    +346.0957083,      +0.7515000,   5,          5
                  SDSSJ2307+0031,    +346.8972900,      +0.5303888,   3,          4
                  SDSSJ2307+0031,    +346.8972900,      +0.5303888,   4,          2
                  SDSSJ2307+0031,    +346.8972900,      +0.5303888,   5,          4
                  SDSSJ2312+0100,    +348.0684999,      +1.0143055,   3,          6
                  SDSSJ2312+0100,    +348.0684999,      +1.0143055,   4,          4
                  SDSSJ2312+0100,    +348.0684999,      +1.0143055,   5,          6
                  SDSSJ2315-0023,    +348.9440400,      -0.3994722,   3,          2
                  SDSSJ2315-0023,    +348.9440400,      -0.3994722,   4,          2
                  SDSSJ2315-0023,    +348.9440400,      -0.3994722,   5,          2
                   VIKJ2318-3113,    +349.5000000,     -31.2166667,   1,          3
                   VIKJ2318-3113,    +349.5000000,     -31.2166667,   2,          3
                   VIKJ2318-3113,    +349.5000000,     -31.2166667,   3,          6
                   VIKJ2318-3113,    +349.5000000,     -31.2166667,   4,          3
                   VIKJ2318-3113,    +349.5000000,     -31.2166667,   5,          3
                 CFHQSJ2318-0246,    +349.5116600,      -2.7761111,   2,          2
                 CFHQSJ2318-0246,    +349.5116600,      -2.7761111,   3,          2
                 CFHQSJ2318-0246,    +349.5116600,      -2.7761111,   4,          2
                 CFHQSJ2318-0246,    +349.5116600,      -2.7761111,   5,          2
                  SDUVJ2325-0553,    +351.4026667,      -5.8911944,   2,          3
                  SDUVJ2325-0553,    +351.4026667,      -5.8911944,   3,          3
                  SDUVJ2325-0553,    +351.4026667,      -5.8911944,   4,          3
                  SDUVJ2325-0553,    +351.4026667,      -5.8911944,   5,          3
                 CFHQSJ2329-0301,    +352.2845000,      -3.0329999,   2,          2
                 CFHQSJ2329-0301,    +352.2845000,      -3.0329999,   3,          2
                 CFHQSJ2329-0301,    +352.2845000,      -3.0329999,   4,          2
                 CFHQSJ2329-0301,    +352.2845000,      -3.0329999,   5,          2
                 CFHQSJ2329-0403,    +352.3102500,      -4.0566944,   2,          2
                 CFHQSJ2329-0403,    +352.3102500,      -4.0566944,   3,          2
                 CFHQSJ2329-0403,    +352.3102500,      -4.0566944,   4,          2
                 CFHQSJ2329-0403,    +352.3102500,      -4.0566944,   5,          2
                  SDSSJ2334-0010,    +353.7293749,      -0.1728055,   3,          4
                  SDSSJ2334-0010,    +353.7293749,      -0.1728055,   4,          2
                  SDSSJ2334-0010,    +353.7293749,      -0.1728055,   5,          4
                   VIKJ2348-3054,    +357.1389000,     -30.9028440,   1,          3
                   VIKJ2348-3054,    +357.1389000,     -30.9028440,   2,          4
                   VIKJ2348-3054,    +357.1389000,     -30.9028440,   3,          8
                   VIKJ2348-3054,    +357.1389000,     -30.9028440,   4,          3
                   VIKJ2348-3054,    +357.1389000,     -30.9028440,   5,          4
                  SDUVJ2351-0459,    +357.8512917,      -4.9853611,   2,          2
                  SDUVJ2351-0459,    +357.8512917,      -4.9853611,   3,          2
                  SDUVJ2351-0459,    +357.8512917,      -4.9853611,   4,          2
                  SDUVJ2351-0459,    +357.8512917,      -4.9853611,   5,          2
            PSOJ359.1352-06.3831,    +359.1352149,      -6.3831264,   2,          3
            PSOJ359.1352-06.3831,    +359.1352149,      -6.3831264,   3,          3
            PSOJ359.1352-06.3831,    +359.1352149,      -6.3831264,   4,          3
            PSOJ359.1352-06.3831,    +359.1352149,      -6.3831264,   5,          3
                  SDSSJ2356+0023,    +359.2149100,      +0.3925833,   3,          2
                  SDSSJ2356+0023,    +359.2149100,      +0.3925833,   4,          2
                  SDSSJ2356+0023,    +359.2149100,      +0.3925833,   5,          2
